voltage,polya_peak_pC,polya_peak_error_pC
1750,1.5384757943725293,0.0010160642056653098
1800,1.329063268048313,0.00020408502396123735
1850,1.5729804804679286,0.00044791385270904257
1900,1.9100496226018915,0.0013242740083512377
1950,2.75725102455237,0.0035961928650272016
2000,3.699040976008024,0.00535981355098733
