voltage,polya_peak_pC,polya_peak_error_pC
1750,1.820032271302058,0.18093044597419414
1800,1.5046124728108927,0.05130635983599388
1850,1.8297254228230564,0.05710840935771638
1900,2.3676029916438446,0.03082660100353979
1950,2.640416149977249,0.14110591775305606
2000,3.763206285920483,0.23311859223976134
